{"cameraMode":{"drawMode":0,"name":"Shaded","section":"Shading Mode"},"sceneLighting":false,"audioPlay":false,"sceneViewState":{"m_AlwaysRefresh":false,"showFog":false,"showSkybox":true,"showFlares":true,"showImageEffects":true,"showParticleSystems":true,"showVisualEffectGraphs":true,"m_FxEnabled":true},"in2DMode":false,"pivot":{"x":-3.5935311317443849,"y":1.0033624172210694,"z":-10.233262062072754},"rotation":{"x":-0.08458832651376724,"y":0.9121216535568237,"z":-0.2401026338338852,"w":-0.32131901383399966},"size":1.4660253524780274,"orthographic":false}