{"cameraMode":{"drawMode":0,"name":"Shaded","section":"Shading Mode"},"sceneLighting":false,"audioPlay":false,"sceneViewState":{"m_AlwaysRefresh":false,"showFog":true,"showSkybox":false,"showFlares":true,"showImageEffects":true,"showParticleSystems":true,"showVisualEffectGraphs":true,"m_FxEnabled":true},"in2DMode":false,"pivot":{"x":0.1892852783203125,"y":1.6919941902160645,"z":0.24081110954284669},"rotation":{"x":-0.11817456036806107,"y":0.8778329491615295,"z":-0.2805260717868805,"w":-0.36979636549949648},"size":1.8635001182556153,"orthographic":false}